{"dataset_name": "mushrooms.csv", "ga_config": {"mutation_rate": 0.0, "population_size": 10, "iteration_limit": 4, "elements_created": 86, "crossover_type": 0, "max_possible_score": Infinity, "iteration_counter": 4, "stop_criteria_type": 0, "probs_type": 0, "crossover_rate": 0.5, "cut_half_population": false, "replicate_best": 0.1}, "historic": [{"geracao": 0, "max": 1.0, "min": 0.9574943383673318, "avg": 0.9940495864953707, "best": 1.0}, {"geracao": 1, "max": 1.0, "min": 0.9500586917901737, "avg": 0.9906886391350552, "best": 1.0}, {"geracao": 2, "max": 1.0, "min": 0.9956573838240027, "avg": 0.9994763385126806, "best": 1.0}, {"geracao": 3, "max": 1.0, "min": 0.9969243830153228, "avg": 0.9996796669094505, "best": 1.0}]}